{"cameraMode":{"drawMode":0,"name":"Shaded","section":"Shading Mode"},"sceneLighting":true,"audioPlay":false,"sceneViewState":{"showFog":true,"showMaterialUpdate":false,"showSkybox":true,"showFlares":true,"showImageEffects":true,"showParticleSystems":true,"showVisualEffectGraphs":true,"m_FxEnabled":true},"in2DMode":false,"pivot":{"x":5.529371738433838,"y":0.022464094683527948,"z":-7.406119346618652},"rotation":{"x":-0.027558892965316774,"y":-0.9637998938560486,"z":0.12205373495817185,"w":-0.23602016270160676},"size":4.458080768585205,"orthographic":false}